页面ID,页面,路由,确认状态,来源,交互与约束
"P01","员工登录","#/login","设计建议 / 规划","统一门户架构决策件-SSO与权限-2026-07-29.md；本人批准计划；L2/IATF审计纪律","模拟员工身份进入门户；不创建凭据"
"P02","门户首页","#/home","继承已确认边界 / 展示建议","统一门户架构决策件-SSO与权限-2026-07-29.md；本人批准计划；L2/IATF审计纪律","部门入口、常用应用及应用搜索"
"P03","应用目录","#/apps","继承已确认边界 / 展示建议","统一门户架构决策件-SSO与权限-2026-07-29.md；本人批准计划；L2/IATF审计纪律","中文检索、部门筛选、空结果与重置"
"P04","我的待办","#/tasks","设计建议 / 规划","统一门户架构决策件-SSO与权限-2026-07-29.md；本人批准计划；L2/IATF审计纪律","检索/部门筛选；责任和期限可见，整合是设计目标"
"P05","人工复核","#/review","继承已确认边界 / 展示建议","统一门户架构决策件-SSO与权限-2026-07-29.md；本人批准计划；L2/IATF审计纪律","建议/依据/缺失资料→人工决定与意见→本地模拟审计"
"P06","系统与发布","#/system","设计建议 / 规划","统一门户架构决策件-SSO与权限-2026-07-29.md；本人批准计划；L2/IATF审计纪律","服务运行、技术验证、业务验收分开"
"P07","采购部","#/procurement","继承已确认边界 / 展示建议","本人六部门入口选择；设计基线现有场景目录；财务暂停和规划边界","SC8与SC2入口及能力边界"
"P08","质量部","#/quality","继承已确认边界 / 展示建议","本人六部门入口选择；设计基线现有场景目录；财务暂停和规划边界","QD-B与Q2入口，预审与8D评审分开"
"P09","财务部","#/finance","待业务确认","本人六部门入口选择；设计基线现有场景目录；财务暂停和规划边界","FI2/FI3参考入口，需求待确认"
"P10","销售部","#/sales","设计建议 / 规划","本人六部门入口选择；设计基线现有场景目录；财务暂停和规划边界","明确规划模板，无可执行操作"
"P11","运营管理","#/operations","设计建议 / 规划","本人六部门入口选择；设计基线现有场景目录；财务暂停和规划边界","明确规划模板，無真实任务执行"
"P12","工程研发","#/engineering","设计建议 / 规划","本人六部门入口选择；设计基线现有场景目录；财务暂停和规划边界","规划模板，OEM隔离与ASIL人工审核边界"
"P13","QD-B立项预审 · 上传","#/qd-upload","继承已确认边界 / 展示建议","质量旗舰PRD及后续批准资料；qd_b_gate/parser.py、report.py、webapp.py；Q2现有dashboard/签认资料","XLSX/20 MB/EQQR8082 A2.1；仅文件元信息校验，模拟进度不读正文"
"P14","QD-B预审报告","#/qd-report","继承已确认边界 / 展示建议","质量旗舰PRD及后续批准资料；qd_b_gate/parser.py、report.py、webapp.py；Q2现有dashboard/签认资料","正式六段报告标题与13模块；演示评分不定档、不签认"
"P15","规则与证据","#/qd-evidence","继承已确认边界 / 展示建议","质量旗舰PRD及后续批准资料；qd_b_gate/parser.py、report.py、webapp.py；Q2现有dashboard/签认资料","规则版本、演示证据坐标、缺失资料与审计"
"P16","Q2 8D评审汇总","#/q2-summary","继承已确认边界 / 展示建议","质量旗舰PRD及后续批准资料；qd_b_gate/parser.py、report.py、webapp.py；Q2现有dashboard/签认资料","D1–D7、演示分级及报告复核入口，不新增阈值"
"P17","8D报告复核","#/q2-review","继承已确认边界 / 展示建议","质量旗舰PRD及后续批准资料；qd_b_gate/parser.py、report.py、webapp.py；Q2现有dashboard/签认资料","原报告示例对照D6证据，退回仍由质量工程师签发"
"P18","SC8成品保供看板","#/sc8-products","继承已确认边界 / 展示建议","SC8既有看板/物料/案例规则；SC2库内需求与说明；六键取数授权不在原型执行","四色+文字；中文筛选、排序、分页、展开依据"
"P19","SC8物料覆盖","#/sc8-materials","继承已确认边界 / 展示建议","SC8既有看板/物料/案例规则；SC2库内需求与说明；六键取数授权不在原型执行","独立物料演示数据，关联成品与缺资料态"
"P20","SC8案例处置","#/sc8-cases","继承已确认边界 / 展示建议","SC8既有看板/物料/案例规则；SC2库内需求与说明；六键取数授权不在原型执行","案例状态、来源、责任和批改入口"
"P21","SC8判例批改","#/sc8-correction","继承已确认边界 / 展示建议","SC8既有看板/物料/案例规则；SC2库内需求与说明；六键取数授权不在原型执行","判例反馈及意见校验；不改算法和阈值"
"P22","SC2采购周报","#/sc2-weekly","继承已确认边界 / 展示建议","SC8既有看板/物料/案例规则；SC2库内需求与说明；六键取数授权不在原型执行","周次、来源与更新时间；人工备注只模拟"
"P23","FI2对账输入","#/fi2-input","待业务确认","FI2/FI3现状；队列#494及财务需求回件待确认","三源参考结构；期次/供应商操作仅演示"
"P24","FI2对账结果","#/fi2-result","待业务确认","FI2/FI3现状；队列#494及财务需求回件待确认","一致、差异待确认、资料不足；模拟意见不结案"
"P25","FI3付款校验清单","#/fi3-checklist","待业务确认","FI2/FI3现状；队列#494及财务需求回件待确认","逐项核验；模拟勾选不改变账户、不付款"